carrier,origin,dest,month,scheduled_flights,cancelled_flights
AI,MAA,DEL,1,63,1.845
AI,MAA,DEL,2,64,1.838
AI,MAA,DEL,3,61,1.509
AI,MAA,DEL,4,55,1.319
AI,MAA,DEL,5,57,1.432
AI,MAA,DEL,6,57,1.411
AI,MAA,DEL,7,60,1.438
AI,MAA,DEL,8,61,1.548
AI,MAA,DEL,9,64,1.343
AI,MAA,DEL,10,64,1.971
AI,MAA,DEL,11,57,1.785
AI,MAA,DEL,12,63,1.907
AI,DEL,MAA,1,56,1.882
AI,DEL,MAA,2,57,1.501
AI,DEL,MAA,3,56,1.171
AI,DEL,MAA,4,62,1.557
AI,DEL,MAA,5,65,1.378
AI,DEL,MAA,6,61,1.343
AI,DEL,MAA,7,55,1.342
AI,DEL,MAA,8,58,1.438
AI,DEL,MAA,9,54,1.25
AI,DEL,MAA,10,63,1.441
AI,DEL,MAA,11,64,1.638
AI,DEL,MAA,12,57,2.13
AI,BOM,DEL,1,88,2.768
AI,BOM,DEL,2,85,2.042
AI,BOM,DEL,3,91,1.835
AI,BOM,DEL,4,96,2.095
AI,BOM,DEL,5,84,1.951
AI,BOM,DEL,6,86,2.813
AI,BOM,DEL,7,89,2.455
AI,BOM,DEL,8,95,2.831
AI,BOM,DEL,9,96,2.681
AI,BOM,DEL,10,94,1.871
AI,BOM,DEL,11,90,1.919
AI,BOM,DEL,12,87,2.5
AI,DEL,BOM,1,99,3.425
AI,DEL,BOM,2,95,2.944
AI,DEL,BOM,3,95,2.229
AI,DEL,BOM,4,96,1.965
AI,DEL,BOM,5,87,2.123
AI,DEL,BOM,6,91,2.205
AI,DEL,BOM,7,82,2.705
AI,DEL,BOM,8,97,2.433
AI,DEL,BOM,9,92,2.101
AI,DEL,BOM,10,99,2.255
AI,DEL,BOM,11,98,2.548
AI,DEL,BOM,12,85,3.193
AI,DEL,BLR,1,70,2.472
AI,DEL,BLR,2,70,1.916
AI,DEL,BLR,3,75,1.767
AI,DEL,BLR,4,74,1.599
AI,DEL,BLR,5,63,1.47
AI,DEL,BLR,6,72,1.715
AI,DEL,BLR,7,68,1.758
AI,DEL,BLR,8,69,1.586
AI,DEL,BLR,9,68,1.573
AI,DEL,BLR,10,69,1.565
AI,DEL,BLR,11,68,1.782
AI,DEL,BLR,12,74,2.257
AI,BLR,DEL,1,73,2.088
AI,BLR,DEL,2,75,2.05
AI,BLR,DEL,3,73,1.506
AI,BLR,DEL,4,67,1.414
AI,BLR,DEL,5,72,1.817
AI,BLR,DEL,6,74,1.637
AI,BLR,DEL,7,68,1.486
AI,BLR,DEL,8,65,1.692
AI,BLR,DEL,9,70,1.641
AI,BLR,DEL,10,66,1.378
AI,BLR,DEL,11,63,1.324
AI,BLR,DEL,12,75,1.973
AI,BLR,MAA,1,42,1.08
AI,BLR,MAA,2,42,0.835
AI,BLR,MAA,3,44,0.87
AI,BLR,MAA,4,43,1.01
AI,BLR,MAA,5,45,0.879
AI,BLR,MAA,6,42,1.087
AI,BLR,MAA,7,41,1.078
AI,BLR,MAA,8,49,1.19
AI,BLR,MAA,9,44,1.114
AI,BLR,MAA,10,44,1.311
AI,BLR,MAA,11,43,1.279
AI,BLR,MAA,12,48,1.238
AI,MAA,BLR,1,41,0.83
AI,MAA,BLR,2,49,0.931
AI,MAA,BLR,3,42,0.861
AI,MAA,BLR,4,42,1.047
AI,MAA,BLR,5,41,0.894
AI,MAA,BLR,6,43,1.014
AI,MAA,BLR,7,44,0.906
AI,MAA,BLR,8,48,1.317
AI,MAA,BLR,9,42,1.162
AI,MAA,BLR,10,47,1.171
AI,MAA,BLR,11,44,1.444
AI,MAA,BLR,12,43,1.093
AI,BOM,GOI,1,43,1.035
AI,BOM,GOI,2,43,0.88
AI,BOM,GOI,3,41,0.985
AI,BOM,GOI,4,38,0.855
AI,BOM,GOI,5,39,1.029
AI,BOM,GOI,6,36,1.31
AI,BOM,GOI,7,38,1.558
AI,BOM,GOI,8,37,1.432
AI,BOM,GOI,9,36,1.162
AI,BOM,GOI,10,42,1.034
AI,BOM,GOI,11,40,0.805
AI,BOM,GOI,12,39,0.759
AI,GOI,BOM,1,43,0.995
AI,GOI,BOM,2,42,0.817
AI,GOI,BOM,3,38,0.883
AI,GOI,BOM,4,39,0.97
AI,GOI,BOM,5,37,0.984
AI,GOI,BOM,6,41,1.325
AI,GOI,BOM,7,39,1.682
AI,GOI,BOM,8,36,1.291
AI,GOI,BOM,9,43,1.554
AI,GOI,BOM,10,39,0.841
AI,GOI,BOM,11,41,0.913
AI,GOI,BOM,12,43,0.848
AI,DEL,CCU,1,37,1.448
AI,DEL,CCU,2,34,0.988
AI,DEL,CCU,3,34,0.739
AI,DEL,CCU,4,34,0.779
AI,DEL,CCU,5,32,0.714
AI,DEL,CCU,6,34,0.999
AI,DEL,CCU,7,32,0.894
AI,DEL,CCU,8,36,0.962
AI,DEL,CCU,9,38,0.92
AI,DEL,CCU,10,33,0.931
AI,DEL,CCU,11,33,0.948
AI,DEL,CCU,12,32,1.096
AI,CCU,DEL,1,36,0.955
AI,CCU,DEL,2,37,0.948
AI,CCU,DEL,3,32,0.686
AI,CCU,DEL,4,34,0.832
AI,CCU,DEL,5,37,0.802
AI,CCU,DEL,6,36,1.003
AI,CCU,DEL,7,34,1.031
AI,CCU,DEL,8,33,0.831
AI,CCU,DEL,9,37,1.056
AI,CCU,DEL,10,38,1.071
AI,CCU,DEL,11,36,0.9
AI,CCU,DEL,12,37,1.292
AI,DEL,HYD,1,40,1.617
AI,DEL,HYD,2,40,1.115
AI,DEL,HYD,3,44,0.991
AI,DEL,HYD,4,43,0.927
AI,DEL,HYD,5,40,0.936
AI,DEL,HYD,6,40,1.045
AI,DEL,HYD,7,38,1.019
AI,DEL,HYD,8,39,1.058
AI,DEL,HYD,9,44,0.868
AI,DEL,HYD,10,37,0.835
AI,DEL,HYD,11,38,0.858
AI,DEL,HYD,12,41,1.458
AI,HYD,DEL,1,43,1.439
AI,HYD,DEL,2,39,1.159
AI,HYD,DEL,3,41,0.859
AI,HYD,DEL,4,38,0.961
AI,HYD,DEL,5,40,0.938
AI,HYD,DEL,6,42,0.959
AI,HYD,DEL,7,40,1.071
AI,HYD,DEL,8,41,0.944
AI,HYD,DEL,9,40,0.961
AI,HYD,DEL,10,38,0.82
AI,HYD,DEL,11,43,1.148
AI,HYD,DEL,12,43,1.416
AI,BOM,BLR,1,59,1.406
AI,BOM,BLR,2,53,1.05
AI,BOM,BLR,3,60,1.145
AI,BOM,BLR,4,50,1.18
AI,BOM,BLR,5,58,1.322
AI,BOM,BLR,6,57,1.761
AI,BOM,BLR,7,60,2.236
AI,BOM,BLR,8,60,1.723
AI,BOM,BLR,9,52,1.276
AI,BOM,BLR,10,51,1.326
AI,BOM,BLR,11,54,1.181
AI,BOM,BLR,12,53,1.172
AI,BLR,BOM,1,60,1.382
AI,BLR,BOM,2,55,1.29
AI,BLR,BOM,3,53,1.304
AI,BLR,BOM,4,59,1.446
AI,BLR,BOM,5,52,1.079
AI,BLR,BOM,6,55,1.544
AI,BLR,BOM,7,57,1.936
AI,BLR,BOM,8,58,1.885
AI,BLR,BOM,9,59,1.665
AI,BLR,BOM,10,57,1.21
AI,BLR,BOM,11,56,1.065
AI,BLR,BOM,12,53,1.161
AI,MAA,GOI,1,22,0.511
AI,MAA,GOI,2,18,0.42
AI,MAA,GOI,3,21,0.504
AI,MAA,GOI,4,20,0.435
AI,MAA,GOI,5,21,0.49
AI,MAA,GOI,6,21,0.525
AI,MAA,GOI,7,18,0.577
AI,MAA,GOI,8,20,0.628
AI,MAA,GOI,9,19,0.495
AI,MAA,GOI,10,18,0.529
AI,MAA,GOI,11,21,0.674
AI,MAA,GOI,12,18,0.465
AI,GOI,MAA,1,22,0.499
AI,GOI,MAA,2,20,0.482
AI,GOI,MAA,3,19,0.454
AI,GOI,MAA,4,20,0.451
AI,GOI,MAA,5,22,0.488
AI,GOI,MAA,6,20,0.566
AI,GOI,MAA,7,18,0.52
AI,GOI,MAA,8,19,0.555
AI,GOI,MAA,9,22,0.59
AI,GOI,MAA,10,21,0.513
AI,GOI,MAA,11,20,0.537
AI,GOI,MAA,12,20,0.492
6E,MAA,DEL,1,63,1.009
6E,MAA,DEL,2,57,0.819
6E,MAA,DEL,3,60,0.62
6E,MAA,DEL,4,61,0.735
6E,MAA,DEL,5,55,0.662
6E,MAA,DEL,6,56,0.633
6E,MAA,DEL,7,61,0.755
6E,MAA,DEL,8,63,0.814
6E,MAA,DEL,9,57,0.626
6E,MAA,DEL,10,55,0.675
6E,MAA,DEL,11,55,0.761
6E,MAA,DEL,12,64,1.115
6E,DEL,MAA,1,61,0.979
6E,DEL,MAA,2,56,0.804
6E,DEL,MAA,3,59,0.65
6E,DEL,MAA,4,61,0.726
6E,DEL,MAA,5,65,0.639
6E,DEL,MAA,6,56,0.627
6E,DEL,MAA,7,63,0.774
6E,DEL,MAA,8,64,0.68
6E,DEL,MAA,9,63,0.82
6E,DEL,MAA,10,54,0.62
6E,DEL,MAA,11,56,0.947
6E,DEL,MAA,12,58,0.937
6E,BOM,DEL,1,98,1.407
6E,BOM,DEL,2,87,1.203
6E,BOM,DEL,3,96,0.988
6E,BOM,DEL,4,94,1.042
6E,BOM,DEL,5,98,1.297
6E,BOM,DEL,6,87,1.384
6E,BOM,DEL,7,82,1.346
6E,BOM,DEL,8,85,1.448
6E,BOM,DEL,9,94,1.13
6E,BOM,DEL,10,94,0.964
6E,BOM,DEL,11,93,0.986
6E,BOM,DEL,12,95,1.565
6E,DEL,BOM,1,88,1.765
6E,DEL,BOM,2,95,1.337
6E,DEL,BOM,3,87,1.023
6E,DEL,BOM,4,83,0.921
6E,DEL,BOM,5,96,1.154
6E,DEL,BOM,6,95,1.134
6E,DEL,BOM,7,81,1.035
6E,DEL,BOM,8,89,1.201
6E,DEL,BOM,9,96,1.279
6E,DEL,BOM,10,98,1.172
6E,DEL,BOM,11,89,1.191
6E,DEL,BOM,12,85,1.464
6E,DEL,BLR,1,69,1.229
6E,DEL,BLR,2,69,0.887
6E,DEL,BLR,3,67,0.844
6E,DEL,BLR,4,69,0.744
6E,DEL,BLR,5,68,0.734
6E,DEL,BLR,6,65,0.792
6E,DEL,BLR,7,70,0.926
6E,DEL,BLR,8,65,0.762
6E,DEL,BLR,9,68,0.889
6E,DEL,BLR,10,68,0.639
6E,DEL,BLR,11,76,0.974
6E,DEL,BLR,12,77,1.192
6E,BLR,DEL,1,77,1.118
6E,BLR,DEL,2,70,0.802
6E,BLR,DEL,3,76,0.743
6E,BLR,DEL,4,67,0.785
6E,BLR,DEL,5,63,0.667
6E,BLR,DEL,6,70,0.756
6E,BLR,DEL,7,68,0.959
6E,BLR,DEL,8,63,0.693
6E,BLR,DEL,9,66,0.821
6E,BLR,DEL,10,69,0.684
6E,BLR,DEL,11,65,0.837
6E,BLR,DEL,12,66,0.956
6E,BLR,MAA,1,44,0.501
6E,BLR,MAA,2,47,0.464
6E,BLR,MAA,3,48,0.536
6E,BLR,MAA,4,43,0.449
6E,BLR,MAA,5,49,0.575
6E,BLR,MAA,6,48,0.665
6E,BLR,MAA,7,44,0.522
6E,BLR,MAA,8,44,0.461
6E,BLR,MAA,9,48,0.519
6E,BLR,MAA,10,45,0.524
6E,BLR,MAA,11,42,0.531
6E,BLR,MAA,12,43,0.52
6E,MAA,BLR,1,48,0.496
6E,MAA,BLR,2,47,0.547
6E,MAA,BLR,3,47,0.588
6E,MAA,BLR,4,47,0.481
6E,MAA,BLR,5,45,0.431
6E,MAA,BLR,6,45,0.547
6E,MAA,BLR,7,45,0.497
6E,MAA,BLR,8,42,0.459
6E,MAA,BLR,9,49,0.535
6E,MAA,BLR,10,45,0.713
6E,MAA,BLR,11,48,0.601
6E,MAA,BLR,12,41,0.529
6E,BOM,GOI,1,37,0.416
6E,BOM,GOI,2,39,0.467
6E,BOM,GOI,3,40,0.49
6E,BOM,GOI,4,43,0.502
6E,BOM,GOI,5,40,0.438
6E,BOM,GOI,6,38,0.583
6E,BOM,GOI,7,38,0.729
6E,BOM,GOI,8,40,0.783
6E,BOM,GOI,9,42,0.681
6E,BOM,GOI,10,42,0.468
6E,BOM,GOI,11,39,0.389
6E,BOM,GOI,12,36,0.422
6E,GOI,BOM,1,41,0.473
6E,GOI,BOM,2,41,0.499
6E,GOI,BOM,3,43,0.407
6E,GOI,BOM,4,44,0.436
6E,GOI,BOM,5,42,0.572
6E,GOI,BOM,6,43,0.84
6E,GOI,BOM,7,42,0.743
6E,GOI,BOM,8,37,0.624
6E,GOI,BOM,9,43,0.709
6E,GOI,BOM,10,40,0.496
6E,GOI,BOM,11,39,0.426
6E,GOI,BOM,12,40,0.468
6E,DEL,CCU,1,38,0.662
6E,DEL,CCU,2,36,0.584
6E,DEL,CCU,3,33,0.388
6E,DEL,CCU,4,36,0.434
6E,DEL,CCU,5,36,0.445
6E,DEL,CCU,6,37,0.455
6E,DEL,CCU,7,35,0.544
6E,DEL,CCU,8,34,0.396
6E,DEL,CCU,9,35,0.435
6E,DEL,CCU,10,38,0.463
6E,DEL,CCU,11,36,0.467
6E,DEL,CCU,12,36,0.657
6E,CCU,DEL,1,32,0.548
6E,CCU,DEL,2,32,0.37
6E,CCU,DEL,3,38,0.43
6E,CCU,DEL,4,37,0.381
6E,CCU,DEL,5,34,0.434
6E,CCU,DEL,6,34,0.522
6E,CCU,DEL,7,37,0.484
6E,CCU,DEL,8,33,0.475
6E,CCU,DEL,9,37,0.45
6E,CCU,DEL,10,36,0.471
6E,CCU,DEL,11,35,0.49
6E,CCU,DEL,12,32,0.442
6E,DEL,HYD,1,44,0.713
6E,DEL,HYD,2,38,0.548
6E,DEL,HYD,3,39,0.476
6E,DEL,HYD,4,42,0.418
6E,DEL,HYD,5,44,0.549
6E,DEL,HYD,6,40,0.542
6E,DEL,HYD,7,42,0.451
6E,DEL,HYD,8,40,0.555
6E,DEL,HYD,9,37,0.459
6E,DEL,HYD,10,37,0.397
6E,DEL,HYD,11,40,0.473
6E,DEL,HYD,12,37,0.67
6E,HYD,DEL,1,41,0.688
6E,HYD,DEL,2,42,0.553
6E,HYD,DEL,3,43,0.517
6E,HYD,DEL,4,37,0.38
6E,HYD,DEL,5,38,0.466
6E,HYD,DEL,6,40,0.536
6E,HYD,DEL,7,39,0.471
6E,HYD,DEL,8,39,0.423
6E,HYD,DEL,9,41,0.405
6E,HYD,DEL,10,44,0.513
6E,HYD,DEL,11,41,0.458
6E,HYD,DEL,12,38,0.624
6E,BOM,BLR,1,54,0.678
6E,BOM,BLR,2,56,0.703
6E,BOM,BLR,3,59,0.645
6E,BOM,BLR,4,58,0.633
6E,BOM,BLR,5,51,0.644
6E,BOM,BLR,6,54,0.818
6E,BOM,BLR,7,59,0.877
6E,BOM,BLR,8,55,0.934
6E,BOM,BLR,9,55,0.851
6E,BOM,BLR,10,60,0.688
6E,BOM,BLR,11,55,0.592
6E,BOM,BLR,12,51,0.498
6E,BLR,BOM,1,53,0.643
6E,BLR,BOM,2,59,0.713
6E,BLR,BOM,3,58,0.577
6E,BLR,BOM,4,57,0.538
6E,BLR,BOM,5,54,0.667
6E,BLR,BOM,6,53,0.725
6E,BLR,BOM,7,54,0.723
6E,BLR,BOM,8,50,0.683
6E,BLR,BOM,9,59,0.723
6E,BLR,BOM,10,57,0.691
6E,BLR,BOM,11,50,0.578
6E,BLR,BOM,12,57,0.609
6E,MAA,GOI,1,22,0.234
6E,MAA,GOI,2,20,0.207
6E,MAA,GOI,3,21,0.264
6E,MAA,GOI,4,18,0.223
6E,MAA,GOI,5,21,0.213
6E,MAA,GOI,6,20,0.308
6E,MAA,GOI,7,22,0.306
6E,MAA,GOI,8,18,0.226
6E,MAA,GOI,9,20,0.244
6E,MAA,GOI,10,19,0.286
6E,MAA,GOI,11,19,0.272
6E,MAA,GOI,12,20,0.278
6E,GOI,MAA,1,22,0.24
6E,GOI,MAA,2,20,0.203
6E,GOI,MAA,3,20,0.231
6E,GOI,MAA,4,19,0.2
6E,GOI,MAA,5,19,0.19
6E,GOI,MAA,6,22,0.309
6E,GOI,MAA,7,18,0.309
6E,GOI,MAA,8,19,0.336
6E,GOI,MAA,9,19,0.312
6E,GOI,MAA,10,18,0.257
6E,GOI,MAA,11,20,0.231
6E,GOI,MAA,12,20,0.241
UK,MAA,DEL,1,59,1.295
UK,MAA,DEL,2,57,1.087
UK,MAA,DEL,3,58,0.772
UK,MAA,DEL,4,56,0.802
UK,MAA,DEL,5,61,0.842
UK,MAA,DEL,6,64,1.001
UK,MAA,DEL,7,57,0.823
UK,MAA,DEL,8,58,0.814
UK,MAA,DEL,9,56,0.749
UK,MAA,DEL,10,64,1.276
UK,MAA,DEL,11,60,1.11
UK,MAA,DEL,12,55,1.376
UK,DEL,MAA,1,63,1.432
UK,DEL,MAA,2,56,1.165
UK,DEL,MAA,3,56,0.861
UK,DEL,MAA,4,57,0.839
UK,DEL,MAA,5,56,0.755
UK,DEL,MAA,6,54,0.699
UK,DEL,MAA,7,66,0.931
UK,DEL,MAA,8,59,0.761
UK,DEL,MAA,9,61,0.889
UK,DEL,MAA,10,59,0.943
UK,DEL,MAA,11,57,1.139
UK,DEL,MAA,12,64,1.526
UK,BOM,DEL,1,86,1.48
UK,BOM,DEL,2,82,1.529
UK,BOM,DEL,3,96,1.447
UK,BOM,DEL,4,93,1.332
UK,BOM,DEL,5,86,1.288
UK,BOM,DEL,6,81,1.336
UK,BOM,DEL,7,94,1.895
UK,BOM,DEL,8,91,1.628
UK,BOM,DEL,9,95,1.542
UK,BOM,DEL,10,94,1.417
UK,BOM,DEL,11,93,1.274
UK,BOM,DEL,12,96,1.691
UK,DEL,BOM,1,99,1.988
UK,DEL,BOM,2,91,1.692
UK,DEL,BOM,3,95,1.407
UK,DEL,BOM,4,92,1.285
UK,DEL,BOM,5,95,1.284
UK,DEL,BOM,6,97,1.937
UK,DEL,BOM,7,84,1.372
UK,DEL,BOM,8,92,1.817
UK,DEL,BOM,9,92,1.306
UK,DEL,BOM,10,87,1.11
UK,DEL,BOM,11,88,1.464
UK,DEL,BOM,12,96,2.062
UK,DEL,BLR,1,68,1.394
UK,DEL,BLR,2,69,1.372
UK,DEL,BLR,3,68,1.025
UK,DEL,BLR,4,67,0.938
UK,DEL,BLR,5,63,0.977
UK,DEL,BLR,6,74,1.085
UK,DEL,BLR,7,70,1.112
UK,DEL,BLR,8,75,1.352
UK,DEL,BLR,9,73,1.038
UK,DEL,BLR,10,69,0.824
UK,DEL,BLR,11,77,1.364
UK,DEL,BLR,12,76,1.418
UK,BLR,DEL,1,72,1.564
UK,BLR,DEL,2,72,1.243
UK,BLR,DEL,3,70,0.937
UK,BLR,DEL,4,75,1.169
UK,BLR,DEL,5,76,0.944
UK,BLR,DEL,6,67,1.093
UK,BLR,DEL,7,70,1.083
UK,BLR,DEL,8,75,1.36
UK,BLR,DEL,9,73,1.106
UK,BLR,DEL,10,76,1.14
UK,BLR,DEL,11,74,1.178
UK,BLR,DEL,12,77,1.662
UK,BLR,MAA,1,44,0.564
UK,BLR,MAA,2,42,0.639
UK,BLR,MAA,3,47,0.691
UK,BLR,MAA,4,43,0.562
UK,BLR,MAA,5,46,0.675
UK,BLR,MAA,6,48,0.703
UK,BLR,MAA,7,49,0.769
UK,BLR,MAA,8,42,0.703
UK,BLR,MAA,9,48,0.705
UK,BLR,MAA,10,46,0.713
UK,BLR,MAA,11,48,0.708
UK,BLR,MAA,12,44,0.662
UK,MAA,BLR,1,48,0.677
UK,MAA,BLR,2,43,0.549
UK,MAA,BLR,3,45,0.705
UK,MAA,BLR,4,43,0.654
UK,MAA,BLR,5,49,0.693
UK,MAA,BLR,6,41,0.643
UK,MAA,BLR,7,43,0.746
UK,MAA,BLR,8,46,0.666
UK,MAA,BLR,9,47,0.649
UK,MAA,BLR,10,49,0.997
UK,MAA,BLR,11,42,0.897
UK,MAA,BLR,12,41,0.72
UK,BOM,GOI,1,43,0.568
UK,BOM,GOI,2,41,0.552
UK,BOM,GOI,3,38,0.496
UK,BOM,GOI,4,40,0.586
UK,BOM,GOI,5,36,0.553
UK,BOM,GOI,6,38,0.767
UK,BOM,GOI,7,43,1.15
UK,BOM,GOI,8,36,0.753
UK,BOM,GOI,9,41,0.713
UK,BOM,GOI,10,42,0.566
UK,BOM,GOI,11,39,0.555
UK,BOM,GOI,12,43,0.678
UK,GOI,BOM,1,43,0.547
UK,GOI,BOM,2,42,0.647
UK,GOI,BOM,3,39,0.543
UK,GOI,BOM,4,41,0.526
UK,GOI,BOM,5,42,0.55
UK,GOI,BOM,6,43,1.107
UK,GOI,BOM,7,38,0.806
UK,GOI,BOM,8,41,0.971
UK,GOI,BOM,9,36,0.727
UK,GOI,BOM,10,43,0.619
UK,GOI,BOM,11,43,0.581
UK,GOI,BOM,12,43,0.582
UK,DEL,CCU,1,37,0.806
UK,DEL,CCU,2,37,0.601
UK,DEL,CCU,3,37,0.564
UK,DEL,CCU,4,37,0.564
UK,DEL,CCU,5,35,0.432
UK,DEL,CCU,6,34,0.616
UK,DEL,CCU,7,35,0.555
UK,DEL,CCU,8,38,0.676
UK,DEL,CCU,9,38,0.598
UK,DEL,CCU,10,38,0.679
UK,DEL,CCU,11,33,0.592
UK,DEL,CCU,12,36,0.774
UK,CCU,DEL,1,32,0.61
UK,CCU,DEL,2,35,0.567
UK,CCU,DEL,3,35,0.517
UK,CCU,DEL,4,36,0.505
UK,CCU,DEL,5,33,0.523
UK,CCU,DEL,6,33,0.561
UK,CCU,DEL,7,38,0.662
UK,CCU,DEL,8,38,0.639
UK,CCU,DEL,9,33,0.478
UK,CCU,DEL,10,38,0.629
UK,CCU,DEL,11,37,0.637
UK,CCU,DEL,12,33,0.586
UK,DEL,HYD,1,44,1.109
UK,DEL,HYD,2,40,0.793
UK,DEL,HYD,3,41,0.579
UK,DEL,HYD,4,42,0.659
UK,DEL,HYD,5,39,0.522
UK,DEL,HYD,6,41,0.565
UK,DEL,HYD,7,43,0.631
UK,DEL,HYD,8,43,0.59
UK,DEL,HYD,9,40,0.589
UK,DEL,HYD,10,36,0.441
UK,DEL,HYD,11,41,0.686
UK,DEL,HYD,12,40,0.755
UK,HYD,DEL,1,40,0.744
UK,HYD,DEL,2,41,0.655
UK,HYD,DEL,3,37,0.549
UK,HYD,DEL,4,43,0.666
UK,HYD,DEL,5,38,0.508
UK,HYD,DEL,6,37,0.598
UK,HYD,DEL,7,40,0.7
UK,HYD,DEL,8,39,0.573
UK,HYD,DEL,9,43,0.584
UK,HYD,DEL,10,37,0.493
UK,HYD,DEL,11,37,0.6
UK,HYD,DEL,12,40,0.714
UK,BOM,BLR,1,56,0.794
UK,BOM,BLR,2,54,0.806
UK,BOM,BLR,3,55,0.805
UK,BOM,BLR,4,60,0.892
UK,BOM,BLR,5,58,0.909
UK,BOM,BLR,6,59,1.098
UK,BOM,BLR,7,50,1.152
UK,BOM,BLR,8,55,1.173
UK,BOM,BLR,9,51,0.836
UK,BOM,BLR,10,55,0.84
UK,BOM,BLR,11,54,0.731
UK,BOM,BLR,12,55,0.686
UK,BLR,BOM,1,58,0.885
UK,BLR,BOM,2,52,0.637
UK,BLR,BOM,3,54,0.803
UK,BLR,BOM,4,51,0.629
UK,BLR,BOM,5,50,0.797
UK,BLR,BOM,6,50,0.833
UK,BLR,BOM,7,55,1.075
UK,BLR,BOM,8,53,0.891
UK,BLR,BOM,9,55,1.009
UK,BLR,BOM,10,57,0.804
UK,BLR,BOM,11,52,0.715
UK,BLR,BOM,12,52,0.666
UK,MAA,GOI,1,21,0.268
UK,MAA,GOI,2,20,0.253
UK,MAA,GOI,3,20,0.265
UK,MAA,GOI,4,22,0.309
UK,MAA,GOI,5,21,0.31
UK,MAA,GOI,6,19,0.36
UK,MAA,GOI,7,21,0.426
UK,MAA,GOI,8,19,0.315
UK,MAA,GOI,9,19,0.375
UK,MAA,GOI,10,20,0.337
UK,MAA,GOI,11,20,0.345
UK,MAA,GOI,12,19,0.358
UK,GOI,MAA,1,20,0.273
UK,GOI,MAA,2,18,0.267
UK,GOI,MAA,3,21,0.286
UK,GOI,MAA,4,22,0.28
UK,GOI,MAA,5,21,0.307
UK,GOI,MAA,6,20,0.341
UK,GOI,MAA,7,21,0.43
UK,GOI,MAA,8,22,0.386
UK,GOI,MAA,9,18,0.366
UK,GOI,MAA,10,20,0.364
UK,GOI,MAA,11,21,0.384
UK,GOI,MAA,12,19,0.272
SG,MAA,DEL,1,54,3.296
SG,MAA,DEL,2,66,3.562
SG,MAA,DEL,3,57,2.459
SG,MAA,DEL,4,62,2.563
SG,MAA,DEL,5,56,2.672
SG,MAA,DEL,6,62,2.827
SG,MAA,DEL,7,57,3.278
SG,MAA,DEL,8,61,3.031
SG,MAA,DEL,9,64,3.761
SG,MAA,DEL,10,62,3.827
SG,MAA,DEL,11,57,3.514
SG,MAA,DEL,12,66,5.4
SG,DEL,MAA,1,61,4.993
SG,DEL,MAA,2,63,4.052
SG,DEL,MAA,3,60,2.917
SG,DEL,MAA,4,60,2.708
SG,DEL,MAA,5,58,2.498
SG,DEL,MAA,6,64,2.997
SG,DEL,MAA,7,63,3.577
SG,DEL,MAA,8,56,3.113
SG,DEL,MAA,9,56,3.17
SG,DEL,MAA,10,58,3.413
SG,DEL,MAA,11,58,3.199
SG,DEL,MAA,12,56,4.068
SG,BOM,DEL,1,85,6.14
SG,BOM,DEL,2,85,4.944
SG,BOM,DEL,3,93,4.037
SG,BOM,DEL,4,98,4.2
SG,BOM,DEL,5,86,3.787
SG,BOM,DEL,6,97,6.07
SG,BOM,DEL,7,97,7.144
SG,BOM,DEL,8,90,5.476
SG,BOM,DEL,9,87,4.747
SG,BOM,DEL,10,87,3.832
SG,BOM,DEL,11,92,4.889
SG,BOM,DEL,12,85,6.245
SG,DEL,BOM,1,82,6.252
SG,DEL,BOM,2,85,5.85
SG,DEL,BOM,3,84,4.058
SG,DEL,BOM,4,99,4.358
SG,DEL,BOM,5,95,4.405
SG,DEL,BOM,6,97,6.779
SG,DEL,BOM,7,81,5.245
SG,DEL,BOM,8,86,4.829
SG,DEL,BOM,9,95,4.671
SG,DEL,BOM,10,82,4.335
SG,DEL,BOM,11,88,5.078
SG,DEL,BOM,12,92,7.578
SG,DEL,BLR,1,67,4.876
SG,DEL,BLR,2,77,5.286
SG,DEL,BLR,3,68,3.357
SG,DEL,BLR,4,65,2.662
SG,DEL,BLR,5,74,3.862
SG,DEL,BLR,6,66,3.072
SG,DEL,BLR,7,68,3.928
SG,DEL,BLR,8,64,2.935
SG,DEL,BLR,9,63,3.537
SG,DEL,BLR,10,75,3.355
SG,DEL,BLR,11,64,3.826
SG,DEL,BLR,12,68,4.568
SG,BLR,DEL,1,75,4.617
SG,BLR,DEL,2,73,4.433
SG,BLR,DEL,3,67,3.589
SG,BLR,DEL,4,67,3.422
SG,BLR,DEL,5,74,3.565
SG,BLR,DEL,6,72,3.648
SG,BLR,DEL,7,75,3.814
SG,BLR,DEL,8,69,3.835
SG,BLR,DEL,9,67,3.67
SG,BLR,DEL,10,64,2.838
SG,BLR,DEL,11,76,3.875
SG,BLR,DEL,12,65,3.607
SG,BLR,MAA,1,42,1.913
SG,BLR,MAA,2,46,2.472
SG,BLR,MAA,3,48,2.564
SG,BLR,MAA,4,44,1.993
SG,BLR,MAA,5,46,2.34
SG,BLR,MAA,6,46,2.468
SG,BLR,MAA,7,42,2.432
SG,BLR,MAA,8,48,2.412
SG,BLR,MAA,9,44,2.264
SG,BLR,MAA,10,45,2.628
SG,BLR,MAA,11,44,2.475
SG,BLR,MAA,12,48,2.797
SG,MAA,BLR,1,47,2.37
SG,MAA,BLR,2,47,2.382
SG,MAA,BLR,3,46,1.978
SG,MAA,BLR,4,44,2.413
SG,MAA,BLR,5,46,2.123
SG,MAA,BLR,6,49,2.802
SG,MAA,BLR,7,49,2.588
SG,MAA,BLR,8,42,2.507
SG,MAA,BLR,9,44,2.446
SG,MAA,BLR,10,43,2.752
SG,MAA,BLR,11,49,3.199
SG,MAA,BLR,12,41,2.202
SG,BOM,GOI,1,41,1.953
SG,BOM,GOI,2,41,2.096
SG,BOM,GOI,3,37,1.972
SG,BOM,GOI,4,40,2.185
SG,BOM,GOI,5,37,2.067
SG,BOM,GOI,6,39,3.069
SG,BOM,GOI,7,36,2.822
SG,BOM,GOI,8,38,3.422
SG,BOM,GOI,9,42,3.038
SG,BOM,GOI,10,42,1.933
SG,BOM,GOI,11,43,2.154
SG,BOM,GOI,12,38,1.91
SG,GOI,BOM,1,40,2.131
SG,GOI,BOM,2,42,2.069
SG,GOI,BOM,3,40,2.124
SG,GOI,BOM,4,41,1.963
SG,GOI,BOM,5,42,2.288
SG,GOI,BOM,6,42,3.732
SG,GOI,BOM,7,41,3.113
SG,GOI,BOM,8,40,3.37
SG,GOI,BOM,9,37,2.842
SG,GOI,BOM,10,43,2.387
SG,GOI,BOM,11,38,1.934
SG,GOI,BOM,12,41,1.965
SG,DEL,CCU,1,35,2.654
SG,DEL,CCU,2,35,1.971
SG,DEL,CCU,3,35,1.465
SG,DEL,CCU,4,36,1.82
SG,DEL,CCU,5,38,1.881
SG,DEL,CCU,6,34,2.17
SG,DEL,CCU,7,32,1.993
SG,DEL,CCU,8,37,2.204
SG,DEL,CCU,9,35,1.846
SG,DEL,CCU,10,34,1.931
SG,DEL,CCU,11,32,1.982
SG,DEL,CCU,12,37,2.496
SG,CCU,DEL,1,33,2.106
SG,CCU,DEL,2,34,1.845
SG,CCU,DEL,3,32,1.346
SG,CCU,DEL,4,38,2.067
SG,CCU,DEL,5,36,1.845
SG,CCU,DEL,6,33,1.92
SG,CCU,DEL,7,35,2.106
SG,CCU,DEL,8,33,1.862
SG,CCU,DEL,9,38,2.119
SG,CCU,DEL,10,34,1.735
SG,CCU,DEL,11,32,1.913
SG,CCU,DEL,12,35,2.318
SG,DEL,HYD,1,43,3.695
SG,DEL,HYD,2,44,2.67
SG,DEL,HYD,3,37,1.787
SG,DEL,HYD,4,44,2.205
SG,DEL,HYD,5,38,1.625
SG,DEL,HYD,6,40,2.374
SG,DEL,HYD,7,37,2.17
SG,DEL,HYD,8,37,1.956
SG,DEL,HYD,9,41,2.061
SG,DEL,HYD,10,40,2.126
SG,DEL,HYD,11,42,1.994
SG,DEL,HYD,12,39,2.585
SG,HYD,DEL,1,38,2.252
SG,HYD,DEL,2,39,2.286
SG,HYD,DEL,3,38,1.583
SG,HYD,DEL,4,42,1.846
SG,HYD,DEL,5,42,2.062
SG,HYD,DEL,6,40,2.394
SG,HYD,DEL,7,40,1.943
SG,HYD,DEL,8,43,2.463
SG,HYD,DEL,9,42,1.986
SG,HYD,DEL,10,40,2.102
SG,HYD,DEL,11,43,2.12
SG,HYD,DEL,12,43,2.641
SG,BOM,BLR,1,52,2.16
SG,BOM,BLR,2,58,2.395
SG,BOM,BLR,3,60,2.615
SG,BOM,BLR,4,51,2.267
SG,BOM,BLR,5,57,3.009
SG,BOM,BLR,6,57,3.428
SG,BOM,BLR,7,59,3.805
SG,BOM,BLR,8,54,3.972
SG,BOM,BLR,9,51,3.579
SG,BOM,BLR,10,56,3.178
SG,BOM,BLR,11,51,2.471
SG,BOM,BLR,12,55,2.252
SG,BLR,BOM,1,59,2.481
SG,BLR,BOM,2,60,2.918
SG,BLR,BOM,3,51,2.306
SG,BLR,BOM,4,55,2.92
SG,BLR,BOM,5,52,2.347
SG,BLR,BOM,6,57,4.024
SG,BLR,BOM,7,51,3.686
SG,BLR,BOM,8,50,2.74
SG,BLR,BOM,9,59,3.451
SG,BLR,BOM,10,59,3.054
SG,BLR,BOM,11,52,2.127
SG,BLR,BOM,12,53,2.465
SG,MAA,GOI,1,21,1.14
SG,MAA,GOI,2,22,0.979
SG,MAA,GOI,3,19,0.911
SG,MAA,GOI,4,20,0.982
SG,MAA,GOI,5,20,0.886
SG,MAA,GOI,6,19,1.248
SG,MAA,GOI,7,19,1.388
SG,MAA,GOI,8,22,1.203
SG,MAA,GOI,9,19,1.013
SG,MAA,GOI,10,18,1.22
SG,MAA,GOI,11,18,1.232
SG,MAA,GOI,12,21,1.308
SG,GOI,MAA,1,20,0.873
SG,GOI,MAA,2,22,1.174
SG,GOI,MAA,3,18,0.798
SG,GOI,MAA,4,20,1.053
SG,GOI,MAA,5,22,0.975
SG,GOI,MAA,6,19,1.239
SG,GOI,MAA,7,20,1.496
SG,GOI,MAA,8,19,1.339
SG,GOI,MAA,9,20,1.172
SG,GOI,MAA,10,20,1.086
SG,GOI,MAA,11,22,1.145
SG,GOI,MAA,12,20,1.008
QP,MAA,DEL,1,58,0.917
QP,MAA,DEL,2,62,0.849
QP,MAA,DEL,3,63,0.719
QP,MAA,DEL,4,65,0.593
QP,MAA,DEL,5,62,0.61
QP,MAA,DEL,6,58,0.527
QP,MAA,DEL,7,59,0.548
QP,MAA,DEL,8,63,0.623
QP,MAA,DEL,9,63,0.68
QP,MAA,DEL,10,63,0.815
QP,MAA,DEL,11,56,0.731
QP,MAA,DEL,12,56,0.864
QP,DEL,MAA,1,62,0.947
QP,DEL,MAA,2,64,0.882
QP,DEL,MAA,3,56,0.607
QP,DEL,MAA,4,58,0.598
QP,DEL,MAA,5,59,0.58
QP,DEL,MAA,6,64,0.669
QP,DEL,MAA,7,59,0.669
QP,DEL,MAA,8,56,0.527
QP,DEL,MAA,9,65,0.616
QP,DEL,MAA,10,59,0.783
QP,DEL,MAA,11,58,0.74
QP,DEL,MAA,12,60,1.09
QP,BOM,DEL,1,94,1.46
QP,BOM,DEL,2,87,0.987
QP,BOM,DEL,3,94,0.904
QP,BOM,DEL,4,95,0.94
QP,BOM,DEL,5,82,0.966
QP,BOM,DEL,6,97,1.33
QP,BOM,DEL,7,96,1.608
QP,BOM,DEL,8,94,1.146
QP,BOM,DEL,9,99,1.352
QP,BOM,DEL,10,98,1.082
QP,BOM,DEL,11,96,0.999
QP,BOM,DEL,12,91,1.153
QP,DEL,BOM,1,83,1.263
QP,DEL,BOM,2,96,1.201
QP,DEL,BOM,3,96,0.871
QP,DEL,BOM,4,86,0.917
QP,DEL,BOM,5,86,0.895
QP,DEL,BOM,6,90,1.217
QP,DEL,BOM,7,97,1.239
QP,DEL,BOM,8,86,0.973
QP,DEL,BOM,9,97,1.018
QP,DEL,BOM,10,90,0.883
QP,DEL,BOM,11,93,1.135
QP,DEL,BOM,12,84,1.342
QP,DEL,BLR,1,74,1.27
QP,DEL,BLR,2,66,0.883
QP,DEL,BLR,3,66,0.585
QP,DEL,BLR,4,75,0.686
QP,DEL,BLR,5,69,0.676
QP,DEL,BLR,6,65,0.728
QP,DEL,BLR,7,71,0.699
QP,DEL,BLR,8,73,0.741
QP,DEL,BLR,9,72,0.856
QP,DEL,BLR,10,76,0.812
QP,DEL,BLR,11,71,0.81
QP,DEL,BLR,12,69,1.18
QP,BLR,DEL,1,73,1.147
QP,BLR,DEL,2,76,0.939
QP,BLR,DEL,3,70,0.714
QP,BLR,DEL,4,64,0.73
QP,BLR,DEL,5,71,0.614
QP,BLR,DEL,6,74,0.919
QP,BLR,DEL,7,76,0.837
QP,BLR,DEL,8,68,0.835
QP,BLR,DEL,9,70,0.8
QP,BLR,DEL,10,76,0.864
QP,BLR,DEL,11,74,0.829
QP,BLR,DEL,12,77,1.05
QP,BLR,MAA,1,44,0.398
QP,BLR,MAA,2,43,0.442
QP,BLR,MAA,3,49,0.444
QP,BLR,MAA,4,46,0.482
QP,BLR,MAA,5,44,0.424
QP,BLR,MAA,6,45,0.449
QP,BLR,MAA,7,49,0.598
QP,BLR,MAA,8,44,0.489
QP,BLR,MAA,9,47,0.532
QP,BLR,MAA,10,42,0.458
QP,BLR,MAA,11,46,0.518
QP,BLR,MAA,12,44,0.458
QP,MAA,BLR,1,43,0.502
QP,MAA,BLR,2,47,0.478
QP,MAA,BLR,3,48,0.533
QP,MAA,BLR,4,43,0.455
QP,MAA,BLR,5,48,0.517
QP,MAA,BLR,6,48,0.492
QP,MAA,BLR,7,41,0.462
QP,MAA,BLR,8,45,0.479
QP,MAA,BLR,9,43,0.499
QP,MAA,BLR,10,42,0.589
QP,MAA,BLR,11,44,0.544
QP,MAA,BLR,12,43,0.503
QP,BOM,GOI,1,36,0.413
QP,BOM,GOI,2,40,0.446
QP,BOM,GOI,3,37,0.373
QP,BOM,GOI,4,41,0.459
QP,BOM,GOI,5,42,0.453
QP,BOM,GOI,6,42,0.659
QP,BOM,GOI,7,41,0.718
QP,BOM,GOI,8,43,0.687
QP,BOM,GOI,9,41,0.541
QP,BOM,GOI,10,37,0.334
QP,BOM,GOI,11,42,0.379
QP,BOM,GOI,12,38,0.4
QP,GOI,BOM,1,40,0.373
QP,GOI,BOM,2,42,0.411
QP,GOI,BOM,3,41,0.393
QP,GOI,BOM,4,37,0.39
QP,GOI,BOM,5,40,0.436
QP,GOI,BOM,6,37,0.672
QP,GOI,BOM,7,37,0.581
QP,GOI,BOM,8,39,0.711
QP,GOI,BOM,9,39,0.493
QP,GOI,BOM,10,43,0.495
QP,GOI,BOM,11,38,0.38
QP,GOI,BOM,12,42,0.449
QP,DEL,CCU,1,37,0.565
QP,DEL,CCU,2,34,0.481
QP,DEL,CCU,3,37,0.364
QP,DEL,CCU,4,34,0.312
QP,DEL,CCU,5,37,0.321
QP,DEL,CCU,6,34,0.354
QP,DEL,CCU,7,37,0.471
QP,DEL,CCU,8,35,0.483
QP,DEL,CCU,9,37,0.456
QP,DEL,CCU,10,32,0.408
QP,DEL,CCU,11,36,0.498
QP,DEL,CCU,12,36,0.494
QP,CCU,DEL,1,33,0.475
QP,CCU,DEL,2,34,0.461
QP,CCU,DEL,3,35,0.3
QP,CCU,DEL,4,32,0.288
QP,CCU,DEL,5,35,0.372
QP,CCU,DEL,6,37,0.45
QP,CCU,DEL,7,36,0.457
QP,CCU,DEL,8,36,0.52
QP,CCU,DEL,9,32,0.402
QP,CCU,DEL,10,37,0.51
QP,CCU,DEL,11,37,0.505
QP,CCU,DEL,12,35,0.437
QP,DEL,HYD,1,37,0.641
QP,DEL,HYD,2,38,0.566
QP,DEL,HYD,3,40,0.416
QP,DEL,HYD,4,40,0.344
QP,DEL,HYD,5,40,0.435
QP,DEL,HYD,6,42,0.411
QP,DEL,HYD,7,42,0.423
QP,DEL,HYD,8,36,0.346
QP,DEL,HYD,9,37,0.402
QP,DEL,HYD,10,42,0.416
QP,DEL,HYD,11,41,0.405
QP,DEL,HYD,12,41,0.54
QP,HYD,DEL,1,44,0.644
QP,HYD,DEL,2,36,0.492
QP,HYD,DEL,3,36,0.332
QP,HYD,DEL,4,37,0.315
QP,HYD,DEL,5,39,0.448
QP,HYD,DEL,6,44,0.509
QP,HYD,DEL,7,42,0.483
QP,HYD,DEL,8,41,0.495
QP,HYD,DEL,9,42,0.496
QP,HYD,DEL,10,37,0.4
QP,HYD,DEL,11,39,0.422
QP,HYD,DEL,12,43,0.56
QP,BOM,BLR,1,53,0.483
QP,BOM,BLR,2,60,0.518
QP,BOM,BLR,3,55,0.578
QP,BOM,BLR,4,57,0.636
QP,BOM,BLR,5,54,0.505
QP,BOM,BLR,6,51,0.722
QP,BOM,BLR,7,55,0.808
QP,BOM,BLR,8,51,0.702
QP,BOM,BLR,9,52,0.757
QP,BOM,BLR,10,52,0.467
QP,BOM,BLR,11,52,0.469
QP,BOM,BLR,12,57,0.631
QP,BLR,BOM,1,52,0.491
QP,BLR,BOM,2,57,0.518
QP,BLR,BOM,3,51,0.523
QP,BLR,BOM,4,53,0.472
QP,BLR,BOM,5,52,0.488
QP,BLR,BOM,6,59,0.818
QP,BLR,BOM,7,53,0.796
QP,BLR,BOM,8,50,0.707
QP,BLR,BOM,9,58,0.774
QP,BLR,BOM,10,58,0.654
QP,BLR,BOM,11,52,0.521
QP,BLR,BOM,12,52,0.553
QP,MAA,GOI,1,21,0.198
QP,MAA,GOI,2,19,0.19
QP,MAA,GOI,3,22,0.245
QP,MAA,GOI,4,18,0.165
QP,MAA,GOI,5,21,0.187
QP,MAA,GOI,6,22,0.272
QP,MAA,GOI,7,18,0.222
QP,MAA,GOI,8,19,0.267
QP,MAA,GOI,9,21,0.278
QP,MAA,GOI,10,21,0.256
QP,MAA,GOI,11,22,0.332
QP,MAA,GOI,12,18,0.218
QP,GOI,MAA,1,20,0.219
QP,GOI,MAA,2,19,0.211
QP,GOI,MAA,3,19,0.162
QP,GOI,MAA,4,21,0.233
QP,GOI,MAA,5,20,0.184
QP,GOI,MAA,6,19,0.264
QP,GOI,MAA,7,21,0.273
QP,GOI,MAA,8,20,0.296
QP,GOI,MAA,9,21,0.303
QP,GOI,MAA,10,21,0.271
QP,GOI,MAA,11,20,0.224
QP,GOI,MAA,12,19,0.2
I5,MAA,DEL,1,65,1.654
I5,MAA,DEL,2,60,1.638
I5,MAA,DEL,3,66,1.294
I5,MAA,DEL,4,54,1.194
I5,MAA,DEL,5,57,1.074
I5,MAA,DEL,6,64,1.218
I5,MAA,DEL,7,55,1.065
I5,MAA,DEL,8,57,1.339
I5,MAA,DEL,9,63,1.482
I5,MAA,DEL,10,63,1.664
I5,MAA,DEL,11,59,1.577
I5,MAA,DEL,12,56,1.851
I5,DEL,MAA,1,58,1.757
I5,DEL,MAA,2,64,1.906
I5,DEL,MAA,3,61,1.276
I5,DEL,MAA,4,65,1.246
I5,DEL,MAA,5,56,0.96
I5,DEL,MAA,6,57,1.058
I5,DEL,MAA,7,62,1.166
I5,DEL,MAA,8,55,1.153
I5,DEL,MAA,9,55,1.293
I5,DEL,MAA,10,59,1.523
I5,DEL,MAA,11,55,1.651
I5,DEL,MAA,12,56,1.628
I5,BOM,DEL,1,85,2.292
I5,BOM,DEL,2,93,2.318
I5,BOM,DEL,3,91,1.908
I5,BOM,DEL,4,98,1.768
I5,BOM,DEL,5,84,1.564
I5,BOM,DEL,6,94,2.239
I5,BOM,DEL,7,91,2.921
I5,BOM,DEL,8,89,2.853
I5,BOM,DEL,9,94,2.226
I5,BOM,DEL,10,95,1.782
I5,BOM,DEL,11,96,2.311
I5,BOM,DEL,12,98,2.804
I5,DEL,BOM,1,98,3.023
I5,DEL,BOM,2,82,2.318
I5,DEL,BOM,3,82,1.861
I5,DEL,BOM,4,84,1.575
I5,DEL,BOM,5,85,1.543
I5,DEL,BOM,6,96,2.22
I5,DEL,BOM,7,86,2.339
I5,DEL,BOM,8,97,2.308
I5,DEL,BOM,9,93,2.061
I5,DEL,BOM,10,94,1.813
I5,DEL,BOM,11,86,1.85
I5,DEL,BOM,12,84,2.722
I5,DEL,BLR,1,74,2.379
I5,DEL,BLR,2,65,1.669
I5,DEL,BLR,3,71,1.305
I5,DEL,BLR,4,74,1.648
I5,DEL,BLR,5,67,1.293
I5,DEL,BLR,6,76,1.433
I5,DEL,BLR,7,77,1.86
I5,DEL,BLR,8,73,1.878
I5,DEL,BLR,9,75,1.494
I5,DEL,BLR,10,70,1.456
I5,DEL,BLR,11,74,1.446
I5,DEL,BLR,12,68,2.308
I5,BLR,DEL,1,65,1.669
I5,BLR,DEL,2,64,1.751
I5,BLR,DEL,3,66,1.454
I5,BLR,DEL,4,65,1.477
I5,BLR,DEL,5,63,1.339
I5,BLR,DEL,6,75,1.708
I5,BLR,DEL,7,68,1.703
I5,BLR,DEL,8,75,1.883
I5,BLR,DEL,9,74,1.715
I5,BLR,DEL,10,65,1.271
I5,BLR,DEL,11,66,1.426
I5,BLR,DEL,12,77,2.255
I5,BLR,MAA,1,49,1.104
I5,BLR,MAA,2,49,1.011
I5,BLR,MAA,3,43,0.967
I5,BLR,MAA,4,48,1.048
I5,BLR,MAA,5,44,0.769
I5,BLR,MAA,6,44,0.865
I5,BLR,MAA,7,42,0.913
I5,BLR,MAA,8,47,1.09
I5,BLR,MAA,9,45,1.031
I5,BLR,MAA,10,48,1.11
I5,BLR,MAA,11,45,1.027
I5,BLR,MAA,12,46,0.954
I5,MAA,BLR,1,49,0.937
I5,MAA,BLR,2,42,0.832
I5,MAA,BLR,3,41,0.901
I5,MAA,BLR,4,42,0.87
I5,MAA,BLR,5,47,0.973
I5,MAA,BLR,6,42,0.828
I5,MAA,BLR,7,47,0.926
I5,MAA,BLR,8,42,0.934
I5,MAA,BLR,9,49,0.967
I5,MAA,BLR,10,46,1.065
I5,MAA,BLR,11,45,1.267
I5,MAA,BLR,12,44,1.082
I5,BOM,GOI,1,41,0.796
I5,BOM,GOI,2,38,0.796
I5,BOM,GOI,3,43,0.984
I5,BOM,GOI,4,43,0.981
I5,BOM,GOI,5,37,0.869
I5,BOM,GOI,6,40,1.274
I5,BOM,GOI,7,36,1.238
I5,BOM,GOI,8,44,1.478
I5,BOM,GOI,9,39,1.067
I5,BOM,GOI,10,37,0.87
I5,BOM,GOI,11,38,0.81
I5,BOM,GOI,12,42,0.725
I5,GOI,BOM,1,41,0.911
I5,GOI,BOM,2,43,0.917
I5,GOI,BOM,3,36,0.65
I5,GOI,BOM,4,40,0.826
I5,GOI,BOM,5,37,0.704
I5,GOI,BOM,6,37,1.175
I5,GOI,BOM,7,38,1.292
I5,GOI,BOM,8,36,1.053
I5,GOI,BOM,9,39,0.978
I5,GOI,BOM,10,43,0.878
I5,GOI,BOM,11,37,0.793
I5,GOI,BOM,12,43,0.932
I5,DEL,CCU,1,37,1.193
I5,DEL,CCU,2,32,0.865
I5,DEL,CCU,3,33,0.755
I5,DEL,CCU,4,33,0.724
I5,DEL,CCU,5,34,0.735
I5,DEL,CCU,6,37,0.764
I5,DEL,CCU,7,35,0.92
I5,DEL,CCU,8,34,0.882
I5,DEL,CCU,9,35,0.86
I5,DEL,CCU,10,36,0.84
I5,DEL,CCU,11,37,0.893
I5,DEL,CCU,12,33,0.896
I5,CCU,DEL,1,33,0.799
I5,CCU,DEL,2,32,0.722
I5,CCU,DEL,3,32,0.637
I5,CCU,DEL,4,34,0.702
I5,CCU,DEL,5,33,0.676
I5,CCU,DEL,6,32,0.815
I5,CCU,DEL,7,36,0.95
I5,CCU,DEL,8,32,0.871
I5,CCU,DEL,9,34,0.869
I5,CCU,DEL,10,38,0.815
I5,CCU,DEL,11,34,0.967
I5,CCU,DEL,12,33,0.789
I5,DEL,HYD,1,42,1.224
I5,DEL,HYD,2,38,0.979
I5,DEL,HYD,3,39,0.86
I5,DEL,HYD,4,43,0.953
I5,DEL,HYD,5,37,0.719
I5,DEL,HYD,6,37,0.779
I5,DEL,HYD,7,39,0.873
I5,DEL,HYD,8,37,0.858
I5,DEL,HYD,9,41,0.897
I5,DEL,HYD,10,39,0.703
I5,DEL,HYD,11,41,0.782
I5,DEL,HYD,12,40,1.393
I5,HYD,DEL,1,44,1.049
I5,HYD,DEL,2,43,1.111
I5,HYD,DEL,3,41,0.771
I5,HYD,DEL,4,37,0.776
I5,HYD,DEL,5,38,0.806
I5,HYD,DEL,6,43,1.083
I5,HYD,DEL,7,38,0.957
I5,HYD,DEL,8,42,0.857
I5,HYD,DEL,9,42,0.756
I5,HYD,DEL,10,37,0.784
I5,HYD,DEL,11,42,1.017
I5,HYD,DEL,12,40,0.985
I5,BOM,BLR,1,54,1.076
I5,BOM,BLR,2,51,0.882
I5,BOM,BLR,3,54,1.185
I5,BOM,BLR,4,59,1.102
I5,BOM,BLR,5,56,1.27
I5,BOM,BLR,6,56,1.367
I5,BOM,BLR,7,60,1.816
I5,BOM,BLR,8,59,1.64
I5,BOM,BLR,9,52,1.342
I5,BOM,BLR,10,56,1.28
I5,BOM,BLR,11,54,1.235
I5,BOM,BLR,12,53,0.944
I5,BLR,BOM,1,52,1.0
I5,BLR,BOM,2,50,1.123
I5,BLR,BOM,3,57,1.161
I5,BLR,BOM,4,50,0.998
I5,BLR,BOM,5,52,0.959
I5,BLR,BOM,6,50,1.336
I5,BLR,BOM,7,51,1.43
I5,BLR,BOM,8,50,1.499
I5,BLR,BOM,9,52,1.218
I5,BLR,BOM,10,56,1.004
I5,BLR,BOM,11,57,1.159
I5,BLR,BOM,12,58,1.048
I5,MAA,GOI,1,22,0.458
I5,MAA,GOI,2,22,0.457
I5,MAA,GOI,3,20,0.352
I5,MAA,GOI,4,22,0.421
I5,MAA,GOI,5,21,0.469
I5,MAA,GOI,6,19,0.453
I5,MAA,GOI,7,19,0.47
I5,MAA,GOI,8,18,0.476
I5,MAA,GOI,9,21,0.534
I5,MAA,GOI,10,20,0.456
I5,MAA,GOI,11,21,0.524
I5,MAA,GOI,12,18,0.421
I5,GOI,MAA,1,21,0.402
I5,GOI,MAA,2,19,0.425
I5,GOI,MAA,3,20,0.345
I5,GOI,MAA,4,21,0.42
I5,GOI,MAA,5,19,0.379
I5,GOI,MAA,6,21,0.606
I5,GOI,MAA,7,22,0.68
I5,GOI,MAA,8,19,0.589
I5,GOI,MAA,9,21,0.623
I5,GOI,MAA,10,21,0.478
I5,GOI,MAA,11,21,0.466
I5,GOI,MAA,12,21,0.454
BA,DEL,LHR,1,14,0.405
BA,DEL,LHR,2,13,0.294
BA,DEL,LHR,3,13,0.226
BA,DEL,LHR,4,15,0.222
BA,DEL,LHR,5,13,0.221
BA,DEL,LHR,6,14,0.22
BA,DEL,LHR,7,14,0.194
BA,DEL,LHR,8,14,0.226
BA,DEL,LHR,9,14,0.219
BA,DEL,LHR,10,13,0.198
BA,DEL,LHR,11,15,0.278
BA,DEL,LHR,12,15,0.377
BA,LHR,DEL,1,14,0.372
BA,LHR,DEL,2,13,0.285
BA,LHR,DEL,3,14,0.21
BA,LHR,DEL,4,15,0.256
BA,LHR,DEL,5,15,0.2
BA,LHR,DEL,6,14,0.229
BA,LHR,DEL,7,14,0.214
BA,LHR,DEL,8,15,0.22
BA,LHR,DEL,9,14,0.2
BA,LHR,DEL,10,15,0.205
BA,LHR,DEL,11,15,0.236
BA,LHR,DEL,12,13,0.314
EK,DEL,LHR,1,15,0.3
EK,DEL,LHR,2,15,0.274
EK,DEL,LHR,3,13,0.17
EK,DEL,LHR,4,14,0.145
EK,DEL,LHR,5,15,0.182
EK,DEL,LHR,6,14,0.174
EK,DEL,LHR,7,13,0.183
EK,DEL,LHR,8,14,0.175
EK,DEL,LHR,9,14,0.162
EK,DEL,LHR,10,13,0.152
EK,DEL,LHR,11,14,0.18
EK,DEL,LHR,12,14,0.295
EK,LHR,DEL,1,15,0.309
EK,LHR,DEL,2,13,0.201
EK,LHR,DEL,3,15,0.197
EK,LHR,DEL,4,13,0.145
EK,LHR,DEL,5,15,0.174
EK,LHR,DEL,6,15,0.174
EK,LHR,DEL,7,14,0.153
EK,LHR,DEL,8,14,0.175
EK,LHR,DEL,9,15,0.194
EK,LHR,DEL,10,13,0.135
EK,LHR,DEL,11,14,0.207
EK,LHR,DEL,12,14,0.266
LH,DEL,LHR,1,14,0.425
LH,DEL,LHR,2,13,0.296
LH,DEL,LHR,3,15,0.258
LH,DEL,LHR,4,14,0.24
LH,DEL,LHR,5,14,0.245
LH,DEL,LHR,6,13,0.245
LH,DEL,LHR,7,13,0.261
LH,DEL,LHR,8,14,0.238
LH,DEL,LHR,9,15,0.243
LH,DEL,LHR,10,13,0.252
LH,DEL,LHR,11,13,0.239
LH,DEL,LHR,12,14,0.357
LH,LHR,DEL,1,15,0.337
LH,LHR,DEL,2,13,0.266
LH,LHR,DEL,3,15,0.301
LH,LHR,DEL,4,14,0.237
LH,LHR,DEL,5,14,0.262
LH,LHR,DEL,6,15,0.243
LH,LHR,DEL,7,14,0.227
LH,LHR,DEL,8,13,0.249
LH,LHR,DEL,9,13,0.19
LH,LHR,DEL,10,15,0.233
LH,LHR,DEL,11,13,0.263
LH,LHR,DEL,12,14,0.412
SQ,DEL,LHR,1,14,0.223
SQ,DEL,LHR,2,14,0.214
SQ,DEL,LHR,3,15,0.153
SQ,DEL,LHR,4,13,0.122
SQ,DEL,LHR,5,15,0.162
SQ,DEL,LHR,6,13,0.144
SQ,DEL,LHR,7,14,0.168
SQ,DEL,LHR,8,15,0.138
SQ,DEL,LHR,9,15,0.15
SQ,DEL,LHR,10,15,0.161
SQ,DEL,LHR,11,15,0.176
SQ,DEL,LHR,12,13,0.192
SQ,LHR,DEL,1,14,0.23
SQ,LHR,DEL,2,14,0.204
SQ,LHR,DEL,3,14,0.152
SQ,LHR,DEL,4,14,0.137
SQ,LHR,DEL,5,13,0.148
SQ,LHR,DEL,6,14,0.126
SQ,LHR,DEL,7,15,0.177
SQ,LHR,DEL,8,14,0.137
SQ,LHR,DEL,9,15,0.129
SQ,LHR,DEL,10,14,0.133
SQ,LHR,DEL,11,15,0.191
SQ,LHR,DEL,12,14,0.209
QR,DEL,LHR,1,15,0.335
QR,DEL,LHR,2,13,0.256
QR,DEL,LHR,3,15,0.229
QR,DEL,LHR,4,14,0.182
QR,DEL,LHR,5,13,0.178
QR,DEL,LHR,6,13,0.148
QR,DEL,LHR,7,14,0.21
QR,DEL,LHR,8,14,0.215
QR,DEL,LHR,9,14,0.161
QR,DEL,LHR,10,14,0.174
QR,DEL,LHR,11,15,0.217
QR,DEL,LHR,12,13,0.295
QR,LHR,DEL,1,13,0.298
QR,LHR,DEL,2,15,0.25
QR,LHR,DEL,3,15,0.227
QR,LHR,DEL,4,15,0.186
QR,LHR,DEL,5,14,0.189
QR,LHR,DEL,6,14,0.177
QR,LHR,DEL,7,15,0.183
QR,LHR,DEL,8,13,0.152
QR,LHR,DEL,9,15,0.187
QR,LHR,DEL,10,13,0.168
QR,LHR,DEL,11,14,0.21
QR,LHR,DEL,12,14,0.254
AF,DEL,LHR,1,13,0.439
AF,DEL,LHR,2,14,0.317
AF,DEL,LHR,3,13,0.269
AF,DEL,LHR,4,14,0.285
AF,DEL,LHR,5,14,0.275
AF,DEL,LHR,6,14,0.237
AF,DEL,LHR,7,14,0.245
AF,DEL,LHR,8,13,0.216
AF,DEL,LHR,9,14,0.229
AF,DEL,LHR,10,15,0.278
AF,DEL,LHR,11,13,0.266
AF,DEL,LHR,12,14,0.425
AF,LHR,DEL,1,13,0.378
AF,LHR,DEL,2,13,0.308
AF,LHR,DEL,3,14,0.234
AF,LHR,DEL,4,13,0.2
AF,LHR,DEL,5,14,0.232
AF,LHR,DEL,6,13,0.237
AF,LHR,DEL,7,15,0.261
AF,LHR,DEL,8,15,0.265
AF,LHR,DEL,9,14,0.283
AF,LHR,DEL,10,15,0.247
AF,LHR,DEL,11,13,0.221
AF,LHR,DEL,12,15,0.442
